{"count":1,"self":263.5077632,"total":264.25350199999997,"children":{"InitializeActuators":{"count":1,"self":0.000909,"total":0.000909,"children":null},"InitializeSensors":{"count":1,"self":0.0018319999999999999,"total":0.0018319999999999999,"children":null},"AgentSendState":{"count":13139,"self":0.411315,"total":0.50730599999999992,"children":{"CollectObservations":{"count":6300,"self":0.026369,"total":0.026369,"children":null},"WriteActionMask":{"count":6300,"self":0.007378,"total":0.007378,"children":null},"RequestDecision":{"count":6300,"self":0.045052999999999996,"total":0.062243999999999994,"children":{"RayPerceptionSensor.Perceive":{"count":6300,"self":0.017190999999999998,"total":0.017190999999999998,"children":null}}}}},"DecideAction":{"count":13139,"self":0.057922999999999995,"total":0.057922999999999995,"children":null},"AgentAct":{"count":13139,"self":0.177402,"total":0.17740699999999998,"children":{"RayPerceptionSensor.Perceive":{"count":2,"self":4.9999999999999996E-06,"total":4.9999999999999996E-06,"children":null}}}},"gauges":{"IdleAgent.CumulativeReward":{"count":2,"max":0.676184,"min":0.336004525,"runningAverage":0.5060943,"value":0.676184,"weightedAverage":0.421049416}},"metadata":{"timer_format_version":"0.1.0","start_time_seconds":"1658132603","unity_version":"2021.3.6f1","command_line_arguments":"\/Applications\/2021.3.6f1\/Unity.app\/Contents\/MacOS\/Unity -projectpath \/Users\/jaynap\/MLProj -useHub -hubIPC -cloudEnvironment production -licensingIpc LicenseClient-jaynap -hubSessionId 34a47f90-01a9-11ed-a416-93af0a69f2bf -accessToken MJNy69ORP8kGdj9Ntmu2kk6NCChkAYwE4fkQfyVcHkk00df","communication_protocol_version":"1.5.0","com.unity.ml-agents_version":"2.1.0-exp.1","scene_name":"FoodCollector","end_time_seconds":"1658132867"}}