{"count":1,"self":61.7472576,"total":61.877615999999996,"children":{"InitializeActuators":{"count":1,"self":0.0016489999999999999,"total":0.0016489999999999999,"children":null},"InitializeSensors":{"count":1,"self":0.0018269999999999998,"total":0.0018269999999999998,"children":null},"AgentSendState":{"count":3041,"self":0.053496999999999996,"total":0.064674,"children":{"CollectObservations":{"count":719,"self":0.002778,"total":0.002778,"children":null},"WriteActionMask":{"count":719,"self":0.00092099999999999994,"total":0.00092099999999999994,"children":null},"RequestDecision":{"count":719,"self":0.005568,"total":0.0074779999999999994,"children":{"RayPerceptionSensor.Perceive":{"count":719,"self":0.0019099999999999998,"total":0.0019099999999999998,"children":null}}}}},"DecideAction":{"count":3041,"self":0.011198999999999999,"total":0.011198999999999999,"children":null},"AgentAct":{"count":3041,"self":0.050283999999999995,"total":0.050283999999999995,"children":null}},"gauges":{},"metadata":{"timer_format_version":"0.1.0","start_time_seconds":"1658381161","unity_version":"2021.3.6f1","command_line_arguments":"\/Applications\/2021.3.6f1\/Unity.app\/Contents\/MacOS\/Unity -projectpath \/Users\/jaynap\/MLProj -useHub -hubIPC -cloudEnvironment production -licensingIpc LicenseClient-jaynap -hubSessionId 34a47f90-01a9-11ed-a416-93af0a69f2bf -accessToken lisAdfonAPyMWdDXl-SXd2BTNTXzAexPlZyKJeBiYEM00df","communication_protocol_version":"1.5.0","com.unity.ml-agents_version":"2.1.0-exp.1","scene_name":"FoodCollector","end_time_seconds":"1658381223"}}