{"count":1,"self":12.674713599999999,"total":13.040897,"children":{"InitializeActuators":{"count":1,"self":0.000913,"total":0.000913,"children":null},"InitializeSensors":{"count":1,"self":0.003799,"total":0.003799,"children":null},"AgentSendState":{"count":4467,"self":0.0044459999999999994,"total":0.018869,"children":{"CollectObservations":{"count":44,"self":0.000416,"total":0.000416,"children":null},"WriteActionMask":{"count":44,"self":0.00015199999999999998,"total":0.00015199999999999998,"children":null},"RequestDecision":{"count":44,"self":0.007279,"total":0.013855,"children":{"AgentInfo.ToProto":{"count":44,"self":0.00059499999999999993,"total":0.0065759999999999994,"children":{"GenerateSensorData":{"count":44,"self":0.0059809999999999993,"total":0.0059809999999999993,"children":null}}}}}}},"DecideAction":{"count":4467,"self":0.32726299999999997,"total":0.32726299999999997,"children":null},"AgentAct":{"count":4467,"self":0.012516,"total":0.012516,"children":null},"AgentInfo.ToProto":{"count":43,"self":0.000184,"total":0.0023699999999999997,"children":{"GenerateSensorData":{"count":43,"self":0.002186,"total":0.002186,"children":null}}}},"gauges":{"RecommendContent.CumulativeReward":{"count":43,"max":0.751176,"min":0.314798832,"runningAverage":0.5050121,"value":0.570719838,"weightedAverage":0.504579067}},"metadata":{"timer_format_version":"0.1.0","start_time_seconds":"1669350409","unity_version":"2021.3.6f1","command_line_arguments":"\/Applications\/2021.3.6f1\/Unity.app\/Contents\/MacOS\/Unity -projectpath \/Users\/jaynap\/MLProj -useHub -hubIPC -cloudEnvironment production -licensingIpc LicenseClient-jaynap -hubSessionId caf25f90-6ada-11ed-901b-2f3c72e6e09f","communication_protocol_version":"1.5.0","com.unity.ml-agents_version":"2.3.0-exp.2","scene_name":"TrainScene","end_time_seconds":"1669350422"}}